{
  "loss": [
    1.0828282833099365,
    0.6135006546974182,
    0.49884796142578125,
    0.43315568566322327,
    0.390015184879303,
    0.36603689193725586,
    0.33817073702812195,
    0.3043256103992462,
    0.29355692863464355,
    0.28094273805618286,
    0.2731098234653473,
    0.27349206805229187,
    0.2181372046470642,
    0.19505077600479126,
    0.17832404375076294,
    0.16111867129802704,
    0.14399810135364532,
    0.13621939718723297,
    0.13517849147319794,
    0.12957441806793213,
    0.12026755511760712,
    0.11636500805616379,
    0.11514495313167572,
    0.1071292832493782,
    0.10704919695854187,
    0.1061263233423233,
    0.0971442461013794,
    0.09966670721769333,
    0.10259240120649338,
    0.09756636619567871
  ],
  "accuracy": [
    0.6736351251602173,
    0.8076841831207275,
    0.841019868850708,
    0.8596652150154114,
    0.8694822788238525,
    0.8838194608688354,
    0.8903171420097351,
    0.9021823406219482,
    0.9018998742103577,
    0.9075499773025513,
    0.9117169380187988,
    0.9128469228744507,
    0.9288791418075562,
    0.935376763343811,
    0.9379193186759949,
    0.9449113607406616,
    0.9521152377128601,
    0.9533865451812744,
    0.9547990560531616,
    0.9551522135734558,
    0.9598135352134705,
    0.9613673090934753,
    0.9612260460853577,
    0.961508572101593,
    0.9632742404937744,
    0.9646161198616028,
    0.9670174717903137,
    0.9650399088859558,
    0.9653930068016052,
    0.9660286903381348
  ],
  "val_loss": [
    0.3650326728820801,
    0.27704235911369324,
    0.24508601427078247,
    0.19183267652988434,
    0.17846518754959106,
    0.17296907305717468,
    0.1524132341146469,
    0.137587308883667,
    0.14193370938301086,
    0.12431607395410538,
    0.13440324366092682,
    0.13690179586410522,
    0.09962756931781769,
    0.09052879363298416,
    0.08710221946239471,
    0.08450416475534439,
    0.08284024894237518,
    0.07870035618543625,
    0.07721985131502151,
    0.074379101395607,
    0.0735216736793518,
    0.07088349759578705,
    0.07089605182409286,
    0.06899084895849228,
    0.07008408010005951,
    0.06652693450450897,
    0.06791723519563675,
    0.06559612601995468,
    0.06395817548036575,
    0.06398327648639679
  ],
  "val_accuracy": [
    0.8860167264938354,
    0.9098966121673584,
    0.9155588150024414,
    0.9332841038703918,
    0.9377154111862183,
    0.9416543841362,
    0.9460856914520264,
    0.9510093331336975,
    0.9505169987678528,
    0.9564254283905029,
    0.9478089809417725,
    0.9458394646644592,
    0.9618414640426636,
    0.9652880430221558,
    0.9667651653289795,
    0.9675036668777466,
    0.9677498936653137,
    0.968734622001648,
    0.9707040786743164,
    0.9716888070106506,
    0.9726735353469849,
    0.9736583232879639,
    0.9734120965003967,
    0.9746430516242981,
    0.9736583232879639,
    0.976120114326477,
    0.974396824836731,
    0.97538161277771,
    0.976120114326477,
    0.9758739471435547
  ],
  "lr": [
    0.0010000000474974513,
    0.0010000000474974513,
    0.0010000000474974513,
    0.0010000000474974513,
    0.0010000000474974513,
    0.0010000000474974513,
    0.0010000000474974513,
    0.0010000000474974513,
    0.0010000000474974513,
    0.0010000000474974513,
    0.0010000000474974513,
    0.0010000000474974513,
    0.0005000000237487257,
    0.0005000000237487257,
    0.0005000000237487257,
    9.999999747378752e-06,
    9.999999747378752e-06,
    9.999999747378752e-06,
    9.999999747378752e-06,
    9.999999747378752e-06,
    9.999999747378752e-06,
    9.999999747378752e-06,
    9.999999747378752e-06,
    9.999999747378752e-06,
    9.999999747378752e-06,
    9.999999747378752e-06,
    9.999999747378752e-06,
    9.999999747378752e-06,
    9.999999747378752e-06,
    9.999999747378752e-06
  ]
}